title,company,location,link
TFT Process Engineer,Apple,서울,https://kr.indeed.com/viewjob?jk=e56c5d86319a6846
Kindergarten-> Elementary English Teacher,WCK Academy,서울,https://kr.indeed.com/viewjob?jk=fdfbe5d5875a3a00
[KREAM] 콘텐츠 운영 매니저,크림,성남 분당구,https://kr.indeed.com/viewjob?jk=1aa6a312d8414781
Educator(part-time),Lululemon,,https://kr.indeed.com/viewjob?jk=dd8c7eec59a9c7ef
[KREAM] Front-End 개발자,크림,성남 분당구,https://kr.indeed.com/viewjob?jk=5cabe70709ddb4c6
Educator,Lululemon,,https://kr.indeed.com/viewjob?jk=50a34ea826d08be9
Campus Recruitment Partner,Resource Solutions,서울,https://kr.indeed.com/viewjob?jk=f438c1349c82803d
Apple Support Language Manager,Apple,서울,https://kr.indeed.com/viewjob?jk=3a98cf67d4de47ee
Blockchain business Finance/Accounting (Global),라인비즈플러스,성남 분당구,https://kr.indeed.com/viewjob?jk=6a10f6690fdccfe5
Discord Community Manager for Kpop Community,ChoCo Entertainment,서울,https://kr.indeed.com/viewjob?jk=4206bc22274af959
Commercial Service 포지션 상시채용,Merck KGaA Darmstadt Germany,서울,https://kr.indeed.com/viewjob?jk=10b7ecc3be289085
Educator(full-time),Lululemon,,https://kr.indeed.com/viewjob?jk=6b4399139616f1e2
Assistant Store Manager (신세계 강남 남성),Burberry,서울,https://kr.indeed.com/viewjob?jk=449b9e729737a3e6
[KREAM] 서비스 정책/운영 담당자,크림,성남 분당구,https://kr.indeed.com/viewjob?jk=ef5b170223f5494f
Commercial Service Specialist,Merck KGaA Darmstadt Germany,서울,https://kr.indeed.com/viewjob?jk=80767b6c5e266d9d
[KREAM] Contents 디자이너,크림,성남 분당구,https://kr.indeed.com/viewjob?jk=e57e2146a21c61ff
Marketing Associate,Paymentwall,서울,https://kr.indeed.com/viewjob?jk=a28125634c2e20a1
[KREAM] Server 개발자,크림,성남 분당구,https://kr.indeed.com/viewjob?jk=25b1c3bc21ffcd31
Senior Packaging Engineer,Apple,서울,https://kr.indeed.com/viewjob?jk=db50e6f025a534dd
Business Development Associate,Paymentwall,서울,https://kr.indeed.com/viewjob?jk=b7ee979a8ed405bf
[KREAM] Android 개발자,크림,성남 분당구,https://kr.indeed.com/viewjob?jk=08a129790733221e
Creative,Media.Monks,서울,https://kr.indeed.com/viewjob?jk=b82edeb7b6e8e487
Electronics 사업부 상시 채용 인재 Pool,Merck KGaA Darmstadt Germany,서울,https://kr.indeed.com/viewjob?jk=fde14e719131b470
Integration Engineer,Paymentwall,서울,https://kr.indeed.com/viewjob?jk=1cc91e551cb581d5
EFL Guest Service Agent,"Marriott International, Inc",서울,https://kr.indeed.com/viewjob?jk=428fd02d66da3be9
[KREAM] QA 담당자,크림,성남 분당구,https://kr.indeed.com/viewjob?jk=b7c0d58136cc12a7
Child and Youth Program Assistant CY-01/02,US Army Installation Management Command,대한민국,https://kr.indeed.com/viewjob?jk=8d3255ff7225d443
Software Engineer,Google,서울,https://kr.indeed.com/viewjob?jk=e7c8c2b11f24fb43
Human Resources Year-Round Internship (Rolling Basis),Procter & Gamble,서울,https://kr.indeed.com/viewjob?jk=2e96aefdb89cce5c
Student Trainee (Engineering Technician),U.S. Army Corps of Engineers,대한민국,https://kr.indeed.com/viewjob?jk=e83a2587fe163913
"Tech Writer, Sr II",Synopsys,서울,https://kr.indeed.com/viewjob?jk=11037bff884b0be7
Aspire Retail Management Program,Cartier,서울,https://kr.indeed.com/viewjob?jk=41356499c19c8313
[KREAM] 서비스 기획자,크림,성남 분당구,https://kr.indeed.com/viewjob?jk=8bfed354e5fdb6ad
[KREAM] Logistics 시스템 구축 담당자,크림,성남 분당구,https://kr.indeed.com/viewjob?jk=c57da294b83a1ca9
[KREAM] Logistics 인프라 구축 담당자,크림,성남 분당구,https://kr.indeed.com/viewjob?jk=4df48ea0451e8843
Web / Spring Framework Developer,Ericsson,서울,https://kr.indeed.com/viewjob?jk=5e32f8e6de232cb2
JR0186078 AI Research Engineer Intern,인텔코리아,서울,https://kr.indeed.com/viewjob?jk=016de9bb83a8032d
Research Engineer (Precursor deposition by ALD),Merck KGaA Darmstadt Germany,경기도 안산,https://kr.indeed.com/viewjob?jk=8325a8475a873693
Field Service Engineer,Dell Technologies,서울,https://kr.indeed.com/viewjob?jk=f2319bfeb5022463
Office Aid NF-01,US Army Installation Management Command,대한민국,https://kr.indeed.com/viewjob?jk=faab9bd76090629b
Commercial Service Specialist,머크,서울 강남구,https://kr.indeed.com/viewjob?jk=5c99a5118138403c
"Recruitment Coordinator (ASM, Korea)",Resource Solutions,서울,https://kr.indeed.com/viewjob?jk=0fb0fa2e8ffb9665
Project Coordinator III - Pipeline,Medtronic,대한민국,https://kr.indeed.com/viewjob?jk=6bed52486d87ad4a
L.E.A.D in Maersk Korea,Maersk,서울,https://kr.indeed.com/viewjob?jk=0e0b2303bed65668
Human Resources Specialist,StockX,서울,https://kr.indeed.com/viewjob?jk=5acb2ceadaff4a91
Move Champion-SAP S/4HANA Cloud,SAP,서울,https://kr.indeed.com/viewjob?jk=0bcb41990d560cc1
"QA specialist (1년 계약직, 신입가능)",Merck KGaA Darmstadt Germany,서울,https://kr.indeed.com/viewjob?jk=4682d06e7d42a816
Data Scientist Intern - Korea,MOLOCO,서울 강남구,https://kr.indeed.com/viewjob?jk=dee7448aa69b5f99
Quality Engineer,Dyson,서울,https://kr.indeed.com/viewjob?jk=e86d82553e97df78
Life Science 사업부 상시 채용 인재 POOL,Merck KGaA Darmstadt Germany,서울,https://kr.indeed.com/viewjob?jk=f279f818fcb90bd5
"Multiple Disciplines, South Korea, Undergraduate School - Ad...",University of Maryland Global Campus,대한민국,https://kr.indeed.com/viewjob?jk=7809fc0d212eb6c1
Apple Support Business and Education Advisor (Korean & Engli...,Apple,서울,https://kr.indeed.com/viewjob?jk=998e30f3942a3f8c
"Division Counsel, APAC",Hexagon PPM,서울,https://kr.indeed.com/viewjob?jk=4af0e549c9cf30d3
NAND Circuit Design Engineer,Western Digital,서울,https://kr.indeed.com/viewjob?jk=46d0ed173fe9c210
"Analyst - Environmental, Social and Governance (12 months co...",McKinsey & Company,서울,https://kr.indeed.com/viewjob?jk=b6f149c5d6b60323
Inbound Sales Representative,Paymentwall,서울,https://kr.indeed.com/viewjob?jk=6a2efd0e3b5a0092
생명과학 Commercial Service (팀 수퍼바이저),Merck KGaA Darmstadt Germany,서울,https://kr.indeed.com/viewjob?jk=5506192ebb587f3b
미국 VC가 인정한 Next Unicorn Startup Tridge 최고의 인재,트릿지,서울 방배동,https://kr.indeed.com/viewjob?jk=849595d1845ab945
AWS Next Gen Internship Program - Korea (January to July 202...,Amazon Web Services Korea LLC,서울,https://kr.indeed.com/viewjob?jk=00242a04c78f2384
Assistant Accountant,AlignTech,서울 강남구,https://kr.indeed.com/viewjob?jk=9a0cfa0029e32a8e
Security Services - Threat Monitoring Analyst (L2),IBM,서울,https://kr.indeed.com/viewjob?jk=0a9868bbbcb31cca
"Manufacturing Quality Engineer, Display",Apple,서울,https://kr.indeed.com/viewjob?jk=9f273dc5554e7754
Jr. Health Officer - Jr. 보건담당자 (서울),Merck KGaA Darmstadt Germany,서울,https://kr.indeed.com/viewjob?jk=e9a384d308fa7584
Project Manager (화학 플랜트 증설 프로제트),Merck KGaA Darmstadt Germany,울산,https://kr.indeed.com/viewjob?jk=7bea894f9c819ddb
Data Scientist (IBM Client Engineering),IBM,서울,https://kr.indeed.com/viewjob?jk=5a1932132530e651
Strategic Business Partner,The Coca-Cola Company,서울,https://kr.indeed.com/viewjob?jk=5f6aa41eff27aacf
Business Development Manager,Paymentwall,서울,https://kr.indeed.com/viewjob?jk=444fc29da0b9a72b
5G R&D 소프트웨어 개발자,Ericsson,서울,https://kr.indeed.com/viewjob?jk=df86d9b3c5f1ead7
[KREAM] Logistics 기획 담당자,크림,성남 분당구,https://kr.indeed.com/viewjob?jk=8276b8e5e31898e6
"Head of Electronics Business Development Asia (Seoul, M&A ex...",Merck KGaA Darmstadt Germany,서울,https://kr.indeed.com/viewjob?jk=782774820bd719f3
Library Technician NF-03,US Army Installation Management Command,대한민국,https://kr.indeed.com/viewjob?jk=eaa182f10466d432
Medical Operations Partner,Roche,서울,https://kr.indeed.com/viewjob?jk=5a4c01e34709c776
[KREAM] iOS 개발자,크림,성남 분당구,https://kr.indeed.com/viewjob?jk=422c0bf077eb2d54
[Biotechnology] Marketing Communications Specialist,Merck KGaA Darmstadt Germany,서울,https://kr.indeed.com/viewjob?jk=25124381fb1189fc
"Recruitment Partner (ASM, Gyeonggi-do, Korea)",Resource Solutions,경기도,https://kr.indeed.com/viewjob?jk=a1e4831fbbad1ae1
Plant Administrator,Merck KGaA Darmstadt Germany,경기도 안산,https://kr.indeed.com/viewjob?jk=a83d7cc019ef3982
"Team Captain, Authentication and Quality Assurance",StockX,서울,https://kr.indeed.com/viewjob?jk=72c1960dbfb07800
Regional Head of Partnerships (APAC),Kiswe,서울,https://kr.indeed.com/viewjob?jk=085bbdd56ba248bd
Lead Sustainability Chemical Engineer (Busan),Nike,부산,https://kr.indeed.com/viewjob?jk=1de3bfb638a8497d
PLC Software Engineer (안산),Merck KGaA Darmstadt Germany,경기도 안산,https://kr.indeed.com/viewjob?jk=a514c8bc3be9c138
Associate Product Manager (2년 계약직),Merck KGaA Darmstadt Germany,서울,https://kr.indeed.com/viewjob?jk=5cfc512a0bd920df
Recruitment Consultant (Seoul Headquarter),Adecco Group,서울,https://kr.indeed.com/viewjob?jk=fda4976df80f3d0c
Software Developer & Verification,Ericsson,서울,https://kr.indeed.com/viewjob?jk=3fbf16cd38fd66c8
"Business Intern, People with Disabilities (장애인 채용)",Google,서울,https://kr.indeed.com/viewjob?jk=10bafa18465e7ad8
Supervisor-Food & Beverage,"Marriott International, Inc",서울,https://kr.indeed.com/viewjob?jk=12fd03804a535a48
Visual Merchandiser,Burberry,서울,https://kr.indeed.com/viewjob?jk=2f829eca7fd3ef5b
Jr. Safety Officer - Jr. 안전담당자 (서울),Merck KGaA Darmstadt Germany,서울,https://kr.indeed.com/viewjob?jk=12654080db19ea5c
Business Development – Synthetic Biology/ Variant Libraries/...,Twist Bioscience,서울,https://kr.indeed.com/viewjob?jk=158662464c7e0809
Transportation Specialist (2년 계약직),Merck KGaA Darmstadt Germany,울산,https://kr.indeed.com/viewjob?jk=5b15484b8e680f53
AR Senior Sales Engineer,Gates Corporation,서울,https://kr.indeed.com/viewjob?jk=f4859f3ffe8510ec
MALTESERS Brand Manager Asia,MARS,서울,https://kr.indeed.com/viewjob?jk=bc6ab4e76ed83060
[PMT] Finance Manager,Honeywell,서울,https://kr.indeed.com/viewjob?jk=57adf3f5056710d3
Clinical Trial Assistant (Study Start Up),"Medpace, Inc.",서울,https://kr.indeed.com/viewjob?jk=4c6e9d62d81b7efc
Customer Support (Chat) - Korean/English - Music Streaming,ModSquad,서울,https://kr.indeed.com/viewjob?jk=e95c7a43409e805b
"Head of Human Resources, Korea",IPSEN,서울,https://kr.indeed.com/viewjob?jk=b721fdff876d7457
해외마케팅 신입 채용,슈피겐코리아,서울 삼성동,https://kr.indeed.com/viewjob?jk=9a892447c7bd5ab9
Supply Chain Analyst,머크,서울 강남구,https://kr.indeed.com/viewjob?jk=b8e1e0da8ffa947a
SMB Account Management Team Lead - Korea,TikTok,서울,https://kr.indeed.com/viewjob?jk=88fedcfe56384c5a
RWE Data Science Partner,Roche,서울,https://kr.indeed.com/viewjob?jk=f6e6948ccf49bf8b
mobidoo Backend Software Engineer(경력),모비두,서울 중구,https://kr.indeed.com/viewjob?jk=fb0ce1eb9190a942
Software Engineer,Boston Consulting Group,서울,https://kr.indeed.com/viewjob?jk=eff6d38d4767ff87
Business Development Representative,Denodo Technologies,서울,https://kr.indeed.com/viewjob?jk=dd906b4765412ea2
프론트엔드(REACT) 경력 정규직,넥스트커리어,서울 강남구,https://kr.indeed.com/viewjob?jk=488aa0da8843c327
Business Insight Partner,Roche,서울,https://kr.indeed.com/viewjob?jk=3805c22f425451e1
Digital Business Manager - Roche Information Solutions (RIS),Roche,서울,https://kr.indeed.com/viewjob?jk=29721881232b3941
Business Development Manager (International Student Recruitm...,Global University Systems,서울,https://kr.indeed.com/viewjob?jk=5a6f0bf6cd756c18
Professional Services Consultant 3,Adobe,서울,https://kr.indeed.com/viewjob?jk=a4d828e61131aafe
Associate Inside Sales Reperesentative,델인터내셔널,서울 강남구,https://kr.indeed.com/viewjob?jk=1128054214588a3e
Sales Development Representative,ApplyBoard,서울,https://kr.indeed.com/viewjob?jk=16d6a2fe346bdb7f
Associate Sales Engineer - Industry & Automotive 1,FUCHS LUBRICANTS (KOREA) LTD.,서울,https://kr.indeed.com/viewjob?jk=69fb8fcf87cf15a2
Project Assistant,"Medpace, Inc.",서울,https://kr.indeed.com/viewjob?jk=55dda247502bd52a
Medical Programs Partner,Roche,서울,https://kr.indeed.com/viewjob?jk=e510f5f7cfaca2f3
Guest Service Representative,"Marriott International, Inc",,https://kr.indeed.com/viewjob?jk=5bbf2b0bdf6f6fc9
"Windows Partner Specialist, APJ Windows Partner Team",Amazon Web Services Korea LLC,서울,https://kr.indeed.com/viewjob?jk=7dc3735faf89c3ee
ML Engineer_Eng,Riiid Labs,서울,https://kr.indeed.com/viewjob?jk=9ab9e1640fdc64d5
Talent Acquisition Manager,Burberry,서울,https://kr.indeed.com/viewjob?jk=02f7728ea7f5727e
[평택 화공사이트] Production Engineer (Planning & Controlling),Merck KGaA Darmstadt Germany,경기도 평택,https://kr.indeed.com/viewjob?jk=6cd3a577634ad949
Run Plant Engineer (신입),Dupont,충청남도 천안,https://kr.indeed.com/viewjob?jk=b91423f8cf7634d4
"Sr Product Manager - Ordering Experience, APAC",Flash Coffee,서울,https://kr.indeed.com/viewjob?jk=02ea680190c61ea3
AWS Korea Early Careers Program Manager,Amazon Web Services Korea LLC,서울,https://kr.indeed.com/viewjob?jk=c76f3f0879ea1134
End-to-end Experience and Connections Strategy & Media Opera...,The Coca-Cola Company,서울,https://kr.indeed.com/viewjob?jk=341dc2d48684a195
해외영업 수시채용,슈피겐코리아,서울 삼성동,https://kr.indeed.com/viewjob?jk=dc2e230edfd79ba5
Product Development Engineer,KLA,경기도 화성,https://kr.indeed.com/viewjob?jk=dc65d6c29f4099dd
DevOps Engineer,Canonical - Jobs,서울,https://kr.indeed.com/viewjob?jk=477c259d56ffdb73
Account Manager (반도체소재),Merck KGaA Darmstadt Germany,서울,https://kr.indeed.com/viewjob?jk=da01be9379cee876
WebRTC UC & Collaboration Frontend & Backend Developer,Ericsson,서울,https://kr.indeed.com/viewjob?jk=4ea78a5fc824bb1e
eCommerce Tech Consultant,Adobe,서울,https://kr.indeed.com/viewjob?jk=1a071c990ccc683a
PMS Specialist,Philips,서울,https://kr.indeed.com/viewjob?jk=475609fde5ed4b16
Cloud Engineer (IBM Client Engineering),IBM,서울,https://kr.indeed.com/viewjob?jk=cd87c45ce67f4a5e
Creative Specialist- Aarki,Skillz Inc.,서울,https://kr.indeed.com/viewjob?jk=8a587393ea296897
Merchant Support Specialist,Paymentwall,서울,https://kr.indeed.com/viewjob?jk=8e317c7e7e82e54a
CRA I ~ Sr. CRA,Parexel,,https://kr.indeed.com/viewjob?jk=dccbdd27d3c0592e
Clinical Study Start-Up Specialist (RSU / SSU Associate),Labcorp,서울,https://kr.indeed.com/viewjob?jk=e1f77062264269af
Sales Development Representative,Databricks,서울,https://kr.indeed.com/viewjob?jk=a48231b1a7770e20
Trade Compliance Specialist (화학물질 인허가),Merck KGaA Darmstadt Germany,서울,https://kr.indeed.com/viewjob?jk=0d24c6fdecfdc6b2
Project Engineer (Energy Efficiency),Underwriters Laboratories Inc.,서울,https://kr.indeed.com/viewjob?jk=0f0edcf6d317f7d4
"Data Analytics Lead, Google Cloud",Google,서울,https://kr.indeed.com/viewjob?jk=a0eeaec3c55e1177
Social Worker (Substance Abuse),U.S. Army Medical Command,대한민국,https://kr.indeed.com/viewjob?jk=7fb74b7d30dc1bef
Technical Service Specialist (Downstream/바이오 공정),Merck KGaA Darmstadt Germany,서울,https://kr.indeed.com/viewjob?jk=8da401d3bebfe397
Associate Product Manager (2년 계약직),머크,서울 강남구,https://kr.indeed.com/viewjob?jk=7c40ed9f63f89dfe
"Finance Manager, Korea",AlignTech,서울 강남구,https://kr.indeed.com/viewjob?jk=367cc6bd17756147
DevOps Engineer_Eng,Riiid Labs,서울,https://kr.indeed.com/viewjob?jk=cca2b489fc635369
Key Account Consultant (Seoul Headquarter),Adecco Group,서울,https://kr.indeed.com/viewjob?jk=862171e05620bbe7
Lead Child and Youth Program Assistant CY-02,US Army Installation Management Command,대한민국,https://kr.indeed.com/viewjob?jk=5b528c10ee31a116
ASM Accelerate Program Fresh Graduates (Europe/Korea) - Ever...,ASM,경기도 화성,https://kr.indeed.com/viewjob?jk=3d6939fcee48e36d
Business Analyst,Numerix Korea Ltd,서울,https://kr.indeed.com/viewjob?jk=87985ee884920551
Sales Representative (WEST) – Talent Pipeline,Medtronic,,https://kr.indeed.com/viewjob?jk=3cf15bdd907b8688
Sr. Resident Engineer - Automotive,TomTom,서울,https://kr.indeed.com/viewjob?jk=a1d816a5233cfe7a
Technician,Cummins Inc.,대한민국,https://kr.indeed.com/viewjob?jk=6bcde44c37e04f83
Business development manager,Merck KGaA Darmstadt Germany,서울,https://kr.indeed.com/viewjob?jk=d3ecb69bf11881e1
해외영업 신입 채용,슈피겐코리아,서울 삼성동,https://kr.indeed.com/viewjob?jk=fe2bdf52d258cfba
Guest Services Representative,US Pacific Air Forces,경기도 오산,https://kr.indeed.com/viewjob?jk=839abc2310442a35
"Finance Manager, Korea",AlignTech,서울 강남구,https://kr.indeed.com/viewjob?jk=367cc6bd17756147
Project Engineer (Energy Efficiency),Underwriters Laboratories Inc.,서울,https://kr.indeed.com/viewjob?jk=0f0edcf6d317f7d4
EHS Specialist (평택),Merck KGaA Darmstadt Germany,경기도 평택,https://kr.indeed.com/viewjob?jk=2934bc72bdfeaf6e
Professional Services Consultant 3,Adobe,서울,https://kr.indeed.com/viewjob?jk=a4d828e61131aafe
Apple Support Business and Education Advisor (Korean & Engli...,Apple,서울,https://kr.indeed.com/viewjob?jk=998e30f3942a3f8c
Sales Development Representative,Databricks,서울,https://kr.indeed.com/viewjob?jk=a48231b1a7770e20
"Account Manager- Diagnostics Solutions, IVD Market (신입가능, 바이...",Merck KGaA Darmstadt Germany,서울,https://kr.indeed.com/viewjob?jk=bcf2fa285d9f941d
UNIX System Engineer,IBM,서울,https://kr.indeed.com/viewjob?jk=830227bddf628d8d
AR Senior Sales Engineer,Gates Corporation,서울,https://kr.indeed.com/viewjob?jk=f4859f3ffe8510ec
Community Center Director,US Pacific Air Forces,경기도 오산,https://kr.indeed.com/viewjob?jk=5520f8db28f81e8b
Transportation Specialist (2년 계약직),Merck KGaA Darmstadt Germany,울산,https://kr.indeed.com/viewjob?jk=5b15484b8e680f53
Technical Support Engineer,Dell Technologies,서울,https://kr.indeed.com/viewjob?jk=cf851b3982fbcd88
Cashier-Checker,US Pacific Air Forces,경기도 오산,https://kr.indeed.com/viewjob?jk=6db15a385c79ee80
"Accounting Specialist (Tax & Internal Control,세무&내부통제 담당자)",머크,서울 강남구,https://kr.indeed.com/viewjob?jk=8d1ac99c600fae08
Practice Development Manager,AlignTech,서울 강남구,https://kr.indeed.com/viewjob?jk=42f01db604d5d5c5
Head of Commercial Marketing (Research Solutions),Merck KGaA Darmstadt Germany,서울,https://kr.indeed.com/viewjob?jk=09a4579303487462
EFL Guest Service Agent,"Marriott International, Inc",서울,https://kr.indeed.com/viewjob?jk=428fd02d66da3be9
Telecom Program Director,Dell Technologies,서울,https://kr.indeed.com/viewjob?jk=26779527703843b5
Site Reliability Engineer (SRE) - IBM Client Engineering,IBM,서울,https://kr.indeed.com/viewjob?jk=934aa6a5ec40aa7e
Commercial Product Engineer,Dupont,충청남도 천안,https://kr.indeed.com/viewjob?jk=2b81061d7d6c0b48
eCommerce Tech Consultant,Adobe,서울,https://kr.indeed.com/viewjob?jk=1a071c990ccc683a
Partnerships Manager,DECIEM,서울,https://kr.indeed.com/viewjob?jk=45796c544c6f844a
Social Marketing Specialist,OLIVER - SEAPAC,서울,https://kr.indeed.com/viewjob?jk=cfe71e1635df2469
Apps Dev 3,KLA,경기도 화성,https://kr.indeed.com/viewjob?jk=d161489f71809407
Associate Product Manager (2년 계약직),머크,서울 강남구,https://kr.indeed.com/viewjob?jk=7c40ed9f63f89dfe
CRA I ~ Sr. CRA,Parexel,,https://kr.indeed.com/viewjob?jk=dccbdd27d3c0592e
Wedding Sales Executive,"Marriott International, Inc",인천,https://kr.indeed.com/viewjob?jk=d94c5c6f02b8f681
Product Marketing Manager,Park Systems Co.,경기도 수원,https://kr.indeed.com/viewjob?jk=a80bd7c9157670a1
PLC Software Engineer (안산),Merck KGaA Darmstadt Germany,경기도 안산,https://kr.indeed.com/viewjob?jk=a514c8bc3be9c138
Life Science 사업부 상시 채용 인재 POOL,Merck KGaA Darmstadt Germany,서울,https://kr.indeed.com/viewjob?jk=f279f818fcb90bd5
Sales Representative (WEST) – Talent Pipeline,Medtronic,,https://kr.indeed.com/viewjob?jk=3cf15bdd907b8688
Technical & Solution Sales Support,Ericsson,서울,https://kr.indeed.com/viewjob?jk=ad9a66644f6d1e7c
"eCommerce Retention Specialist, Korea",Adobe,서울,https://kr.indeed.com/viewjob?jk=d85af9c84bd1e1db
Managed Services Consultant - R&D,Veeva Systems,경기도,https://kr.indeed.com/viewjob?jk=0e3c31f02f07ae82
Procurement Manager,Novo Nordisk,서울,https://kr.indeed.com/viewjob?jk=5c4f76cf82f015e0
Business Excellence Lead,Novartis,서울,https://kr.indeed.com/viewjob?jk=482c58b4faba479e
"Head of Human Resources, Korea",IPSEN,서울,https://kr.indeed.com/viewjob?jk=b721fdff876d7457
Guest Service Representative,"Marriott International, Inc",,https://kr.indeed.com/viewjob?jk=5bbf2b0bdf6f6fc9
Supply Chain Analyst,Merck KGaA Darmstadt Germany,서울,https://kr.indeed.com/viewjob?jk=27613d6b168f348c
SMB Account Management Team Lead - Korea,TikTok,서울,https://kr.indeed.com/viewjob?jk=88fedcfe56384c5a
Sales Development Representative,Nutanix,서울,https://kr.indeed.com/viewjob?jk=53e7303a71021934
[평택 화공사이트] Production Engineer (Planning & Controlling),Merck KGaA Darmstadt Germany,경기도 평택,https://kr.indeed.com/viewjob?jk=6cd3a577634ad949
WebRTC UC & Collaboration Frontend & Backend Developer,Ericsson,서울,https://kr.indeed.com/viewjob?jk=4ea78a5fc824bb1e
"Regional Strategy Execution Manager, SU&IS",머크,서울 강남구,https://kr.indeed.com/viewjob?jk=79ac07a787c30ed2
Principal Analog Design Engineer,Dialog Semiconductor,대한민국,https://kr.indeed.com/viewjob?jk=a76cad84d65bf5b6
HR Specialist,AlignTech,서울 강남구,https://kr.indeed.com/viewjob?jk=b7a8553066fc37b1
"Marketing & Sales Specialist, Process Automation, Seoul",ABB,서울,https://kr.indeed.com/viewjob?jk=8b4fd59dc848e144
"Sales Enablement Manager, Korea and Taiwan (Lab Water Soluti...",Merck KGaA Darmstadt Germany,서울,https://kr.indeed.com/viewjob?jk=522f9ab9cf6e4e47
Transactions Manager,Lightsource Renewable Energy,서울,https://kr.indeed.com/viewjob?jk=e2c9f9178ea1bb40
"[반월] Process Manager, 생산공정 매니저 (팀리딩)",Merck KGaA Darmstadt Germany,경기도 안산,https://kr.indeed.com/viewjob?jk=f697fd607e4a8022
"Marketing Manager, Korea",AlignTech,서울 강남구,https://kr.indeed.com/viewjob?jk=9d68ef5a95cc546b
Manufacturing Director & Site Director (HYT Ansan),Merck KGaA Darmstadt Germany,경기도 안산,https://kr.indeed.com/viewjob?jk=38f6d63ae2835bc8
"Sourcing Officer, Consumables",Cricut,서울,https://kr.indeed.com/viewjob?jk=c322eff708fc7b94
Patient Value Partner,Roche,서울,https://kr.indeed.com/viewjob?jk=bc052eed9a4c6559
Field Application Engineer,Teledyne LeCroy PSG,서울,https://kr.indeed.com/viewjob?jk=effd6b55b2a8b02f
"APAC Audit Specialist, AWS APJ Audit",Amazon Web Services Korea LLC,서울,https://kr.indeed.com/viewjob?jk=7a3d7eb43c2b1df9
[HBT] Sales Representative II,Honeywell,서울,https://kr.indeed.com/viewjob?jk=f94f064a05996803
Gearbox Application Engineer,BorgWarner,대한민국,https://kr.indeed.com/viewjob?jk=9ca40a17e5716f0c
Application Development engineer,KLA,경기도 화성,https://kr.indeed.com/viewjob?jk=b4d9f3170de03455
Clinical Project Coordinator,"Medpace, Inc.",서울,https://kr.indeed.com/viewjob?jk=5ff7b483e867d39f
Business Excellence Lead,Novartis,서울,https://kr.indeed.com/viewjob?jk=482c58b4faba479e
Field Engineer - Korea (f/m/d),Cinemo,대한민국,https://kr.indeed.com/viewjob?jk=7a25e3ed71e2c05f
"Business Development Director, Seoul, South Korea",Apex Fund Services Limited,서울,https://kr.indeed.com/viewjob?jk=af913b71d8d4ff08
"Team Lead, Authentication and Quality Assurance",StockX,서울,https://kr.indeed.com/viewjob?jk=f1c50a8d6e97b0cb
Project Safety Manager,Ericsson,서울,https://kr.indeed.com/viewjob?jk=ba718a9c1d255051
Site Reliability Engineer (SRE) - IBM Client Engineering,IBM,서울,https://kr.indeed.com/viewjob?jk=934aa6a5ec40aa7e
Consultant,Dell Technologies,서울,https://kr.indeed.com/viewjob?jk=aef0913da4486b92
"Hotel Desk Clerk, NF-01",US Army Installation Management Command,서울,https://kr.indeed.com/viewjob?jk=70f0318563d4dc5c
Analog Design Engineer,Cirrus Logic,서울,https://kr.indeed.com/viewjob?jk=d193999bb6d038d4
Compute Technology Architect,Hewlett Packard Enterprise,서울,https://kr.indeed.com/viewjob?jk=ec5eb898fc43ca25
"Renewals Sales Representative, Japan",Acronis,서울,https://kr.indeed.com/viewjob?jk=2e92da82da503812
Services Operations Specialist (Contract),National Instruments,서울,https://kr.indeed.com/viewjob?jk=856a5e6096d130f5
Corporate R&D Researcher,Umicore,충청남도 천안,https://kr.indeed.com/viewjob?jk=240776a2fdf8d8fe
"Project Manager - Process Automation, Cheonan",ABB,충청남도 천안,https://kr.indeed.com/viewjob?jk=a637f8801a01bd40
Apps Dev 3,KLA,경기도 화성,https://kr.indeed.com/viewjob?jk=d161489f71809407
"QA specialist (1년 계약직, 신입가능)",머크,서울 강남구,https://kr.indeed.com/viewjob?jk=1e6b138cefad543e
EHS Specialist (평택),Merck KGaA Darmstadt Germany,경기도 평택,https://kr.indeed.com/viewjob?jk=2934bc72bdfeaf6e
"Customer Engineer, Infrastructure Modernization, Public Sect...",Google,서울,https://kr.indeed.com/viewjob?jk=386ed26c02893f76
Associate Finance Specialist,FUCHS LUBRICANTS (KOREA) LTD.,서울,https://kr.indeed.com/viewjob?jk=7e0dfea3b82caeb4
Account Manager,Paymentwall,서울,https://kr.indeed.com/viewjob?jk=0c94b5acd7e50039
EHS Specialist (울산),Merck KGaA Darmstadt Germany,울산,https://kr.indeed.com/viewjob?jk=00b7cbd4cf876f49
Clinical Trial Manager,"Medpace, Inc.",서울,https://kr.indeed.com/viewjob?jk=02d6ab97459815c5
Software engineer (C++/Linux),KLA,대한민국,https://kr.indeed.com/viewjob?jk=19ceb7c253495c21
Commercial Director Vaccine,Johnson & Johnson Family of Companies,대한민국,https://kr.indeed.com/viewjob?jk=3a120c931da8cb75
Applications Engineer (Monitoring Applications),National Instruments,서울,https://kr.indeed.com/viewjob?jk=78d7329422e955ea
Digital Sales Team Manager,Merck KGaA Darmstadt Germany,서울,https://kr.indeed.com/viewjob?jk=d7e1e52e5dd5a98e
[Manta] CRM / Lifecycle Marketing Manager,리디주식회사,서울,https://kr.indeed.com/viewjob?jk=273dd319fa2b7789
"Field Service Engineer, 실험장비유지보수 (신입지원가능/대전,충청, 전라권)",Merck KGaA Darmstadt Germany,인천,https://kr.indeed.com/viewjob?jk=792d4cc8a7ab47ad
Head of Commercial Marketing (Research Solutions),Merck KGaA Darmstadt Germany,서울,https://kr.indeed.com/viewjob?jk=09a4579303487462
Raw Material Supplier Management Engineer,Dupont,충청남도 천안,https://kr.indeed.com/viewjob?jk=eee927f2dcb88394
Cloud Architect,IBM,서울,https://kr.indeed.com/viewjob?jk=cd8ec797d48aca53
Senior Customer Success Manager,Workday,서울,https://kr.indeed.com/viewjob?jk=100db24fc7fe9445
Sales & Business Development Engineer (m/f/d) – SIKORA KOREA,SIKORA AG,서울,https://kr.indeed.com/viewjob?jk=4ac0240fbe7480e3
Analytical Chemist,Dupont,경기도 화성,https://kr.indeed.com/viewjob?jk=28e025f491942cab
Cashier-Checker,US Pacific Air Forces,경기도 오산,https://kr.indeed.com/viewjob?jk=6db15a385c79ee80
Data Center Operations Manager,Amzn Corporate Services Korea,서울,https://kr.indeed.com/viewjob?jk=62eeb7611b1aa546
"Engr, Production 2",KLA,경기도 화성,https://kr.indeed.com/viewjob?jk=7903bd76f4abac15
Quality Assurance Specialist,StockX,서울,https://kr.indeed.com/viewjob?jk=e56294f0fce82998
Python Developer (Remote),Finsera,No office location,https://stackoverflow.com/jobs/524065
Software Engineer - Build the next generation of AI platform,Signal AI,"London, UK",https://stackoverflow.com/jobs/246027
iOS Developer (m/w/d) - Upstream - next level mobility,Wiener Stadtwerke GmbH,"Wien, Österreich",https://stackoverflow.com/jobs/381299
Software Engineer,Adaptavist,"London, UK",https://stackoverflow.com/jobs/544650
Software Engineer,Slimmer AI,"Amsterdam, Netherlands",https://stackoverflow.com/jobs/552562
Create your own Destiny at Orion - 100% Remote - Huge Growth,"Orion Advisor Solutions, Inc.",No office location,https://stackoverflow.com/jobs/523170
Platforms Engineer for a Cryptocurrency Startup,Chorus One,No office location,https://stackoverflow.com/jobs/457423
Software Engineer – Frontend / Fullstack (m/f/d) remote or on-site,HolidayCheck Group AG,"Munich, Germany",https://stackoverflow.com/jobs/297720
Senior Software Engineer (Scala / TypeScript),Feastfox Inc.,"Budapest, Hungary",https://stackoverflow.com/jobs/522426
Front-end Developer at a fast-growing scale-up,Channable,"Utrecht, Netherlands",https://stackoverflow.com/jobs/308755
"Full Stack Software Engineer, Business Integrity",ByteDance,Singapore,https://stackoverflow.com/jobs/553099
Full-Stack Software Engineer,Strata Oncology,"Ann Arbor, MI",https://stackoverflow.com/jobs/371127
Senior Full-Stack Developer,Supermetrics Oy,"Helsinki, Finland",https://stackoverflow.com/jobs/565936
"Front End Developer - Angular, JavaScript, jQuery, Agile, TypeScript",Mimecast,"London, UK",https://stackoverflow.com/jobs/376558
Senior Java Software Developer | Tallinn,Dynatrace,"Tallinn, Estonia",https://stackoverflow.com/jobs/560073
Staff Software Engineer - FinTech - Wallet (f/m/d),Delivery Hero SE,"Berlin, Germany",https://stackoverflow.com/jobs/565935
Senior Software Engineer Java / Kotlin / Kafka (f/m/x),PPRO,"München, Germany",https://stackoverflow.com/jobs/543482
"Full-Stack Developer, Research & Development",Houston Astros Baseball R&D,"Houston, TX",https://stackoverflow.com/jobs/536288
Cloud Database Administrator - ArcGIS Online,Esri,"Redlands, CA",https://stackoverflow.com/jobs/509894
"Data Engineer (Python, ETL)",Finsera,No office location,https://stackoverflow.com/jobs/536631
(Senior) Full-Stack Software Engineer for 20 Minuten news platform (f/m/d) 80-10,TX Group,"Zürich, Switzerland",https://stackoverflow.com/jobs/558879
Full-Stack Software Engineer,Captivation Software,"Fort Meade, MD",https://stackoverflow.com/jobs/525427
Lead Software Engineer (all genders),Elinvar GmbH,"Magdeburg, Germany",https://stackoverflow.com/jobs/555842
Back-End Engineer (.NET),HeidelbergCement AG,"Brno-jih, Czechia",https://stackoverflow.com/jobs/495731
UK-Based Remote Full Stack Web Developer (Angular / NodeJS / AWS),WUSTL International,No office location,https://stackoverflow.com/jobs/518475
Senior Software Engineer C++ (f/m/x),PPRO,"München, Germany",https://stackoverflow.com/jobs/527793
Senior Backend PHP Developer (m/f/d) - onsite or remote in Germany,ABOUT YOU GmbH & Co. KG,"Hamburg, Deutschland",https://stackoverflow.com/jobs/332707
Backend developer to build robust systems with Kotlin,Shape A/S,"København, Denmark",https://stackoverflow.com/jobs/370009
(Senior) Full-Stack Software Engineer for 20 Minuten news platform (f/m/d) 80-10,TX Group,"Zürich, Switzerland",https://stackoverflow.com/jobs/558879
Lead Data Scientist,Singapore Innovate Pte. Ltd,Singapore,https://stackoverflow.com/jobs/565885
"Backend Software Engineer, Video Infrastructure",ByteDance,Singapore,https://stackoverflow.com/jobs/547751
Software Engineer Frontend/Fullstack - Media & Services Hub (m/f/d),HolidayCheck Group AG,"München, Deutschland",https://stackoverflow.com/jobs/559404
Product Manager - Backend (m/f/d),ABOUT YOU SE & Co. KG,"Hamburg, Deutschland",https://stackoverflow.com/jobs/566232
Senior Python/Django Full-stack Developer,Apicbase Belgium,No office location,https://stackoverflow.com/jobs/515716
Mobile React Native Developer (Remote),Soshace LLC,No office location,https://stackoverflow.com/jobs/566209
Festanstellung DevOps Engineer (m/w/d) für aufstrebendes IT-Unternehmen gesucht!,edudip GmbH,"Aachen, Deutschland",https://stackoverflow.com/jobs/530724
Python Software Engineer,Captivation Software,"Fort Meade, MD",https://stackoverflow.com/jobs/525426
Full Stack Software Engineer,Applied,No office location,https://stackoverflow.com/jobs/566095
"Senior Software Engineer, Insights",Auth0,No office location,https://stackoverflow.com/jobs/537921
Senior Python/Django Full-stack Developer,Apicbase Belgium,No office location,https://stackoverflow.com/jobs/545356
Java Backend Developer (m/f/d),Serrala,"Hamburg, Deutschland",https://stackoverflow.com/jobs/523796
Mobile Application Engineer (Kotlin / Android),Alfi Inc.,"Denver, CO",https://stackoverflow.com/jobs/522645
Software Engineer C++ (f/m/x),PPRO,"München, Germany",https://stackoverflow.com/jobs/527797
JavaScript Developer,Ogury,"Paris, France",https://stackoverflow.com/jobs/519021
Senior Software Engineer,ZALORA,"Quận 4, Vietnam",https://stackoverflow.com/jobs/512674
(Junior) Firmware/Embedded Engineer at Bosch IoT Start-up,Azena (A Bosch IoT Start-Up),"Eindhoven, Netherlands",https://stackoverflow.com/jobs/566161
Frontend Engineer – Vue.js,SpotMe,No office location,https://stackoverflow.com/jobs/535271
Backend Engineer (Python/ Django),Sector Labs,"Dubai, United Arab Emirates",https://stackoverflow.com/jobs/518496
Senior Software Engineer,Beast Code,"Fort Walton Beach, FL",https://stackoverflow.com/jobs/541115
Senior Data Engineer - Recommendations (f/m/d),Delivery Hero SE,"Berlin, Germany",https://stackoverflow.com/jobs/565991
Full Stack Software Engineer,Applied,No office location,https://stackoverflow.com/jobs/566095
Backend developer to build robust systems with Kotlin,Shape A/S,"København, Denmark",https://stackoverflow.com/jobs/370009
Senior Software Engineer,Beast Code,"Fort Walton Beach, FL",https://stackoverflow.com/jobs/541115
Lead Data Scientist,Singapore Innovate Pte. Ltd,Singapore,https://stackoverflow.com/jobs/565885
"Senior Software Engineer, Backend - Landscape",Canonical,No office location,https://stackoverflow.com/jobs/551337
Senior Data Engineer - Recommendations (f/m/d),Delivery Hero SE,"Berlin, Germany",https://stackoverflow.com/jobs/565991
"Software Engineer, Backend Systems (Golang)",ByteDance,Singapore,https://stackoverflow.com/jobs/550283
Senior Full Stack Developer (m/w/d) - onsite or remote within the EU,ABOUT YOU SE & Co. KG,"Hamburg, Deutschland",https://stackoverflow.com/jobs/262255
C++ Software Engineer - ArcGIS Runtime,Esri,"Edinburgh, UK",https://stackoverflow.com/jobs/458027
(Senior) Android Software Developer - Munich,Paradox Cat GmbH,"München, Deutschland",https://stackoverflow.com/jobs/181583
Software Engineer,ComplyAdvantage,"London, UK",https://stackoverflow.com/jobs/527835
Full-Stack Software Engineer (C# + .NET 6 / React + Typescript) (f/m/d),HeidelbergCement AG,"Heidelberg, Deutschland",https://stackoverflow.com/jobs/559624
Front End Software Engineer – HPC Products,DUG Technology,"West Perth, Australia",https://stackoverflow.com/jobs/528137
Backend Engineer 80-100% (f/m/d),Homegate,"Berlin, Germany",https://stackoverflow.com/jobs/543690
"Senior Software Engineer, Email",HubSpot,"Cambridge, MA",https://stackoverflow.com/jobs/554705
Full Stack Developer (JavaScript),kevinviaInvest Lithuania,"Vilnius, Lithuania",https://stackoverflow.com/jobs/543985
Staff Software Engineer C++ focus Intelligent Data Aggregation (m/f/d),CARIAD,"Wolfsburg, Germany",https://stackoverflow.com/jobs/547934
Software Engineer: Full Stack,Stile Education,"Melbourne, Australia",https://stackoverflow.com/jobs/566215
Node.js Developer (Remote),Soshace LLC,No office location,https://stackoverflow.com/jobs/566208
Python Engineer,McD Tech Labs,"Mountain View, CA",https://stackoverflow.com/jobs/534766
Werkstudent/in Full Stack Developer (m/w/d),Audi Business Innovation GmbH,"München, Germany",https://stackoverflow.com/jobs/565967
Senior Software Engineer - React Native,uShip,"Austin, TX",https://stackoverflow.com/jobs/550764
Mobile Application Engineer (Kotlin / Android),Alfi Inc.,"Denver, CO",https://stackoverflow.com/jobs/522645
Backend Engineer (Remote),Pento,"Copenhagen, Denmark",https://stackoverflow.com/jobs/524395
Frontend React.js Developer (Remote),Soshace LLC,No office location,https://stackoverflow.com/jobs/566207
Software Development Engineer I - Maritime,Esri,"Redlands, CA",https://stackoverflow.com/jobs/529299
(Senior) Android Software Developer - Munich,Paradox Cat GmbH,"München, Deutschland",https://stackoverflow.com/jobs/181583
JR0178225 OpenIPC Senior Software Engineer,Intel Corporation,"Hillsboro, OR",https://stackoverflow.com/jobs/542196
Senior Fullstack Engineer,Tradeshift,"København, Denmark",https://stackoverflow.com/jobs/527807
Senior Full Stack Developer (m/w/d) - onsite or remote within the EU,ABOUT YOU SE & Co. KG,"Hamburg, Deutschland",https://stackoverflow.com/jobs/262255
Senior Software Engineer,uShip,"Austin, TX",https://stackoverflow.com/jobs/537938
Customer Support Engineer - DBaaS,"The Constant Company, LLC Creator of Vultr","West Palm Beach, FL",https://stackoverflow.com/jobs/565950
"Senior Software Engineer, Email",HubSpot,"Cambridge, MA",https://stackoverflow.com/jobs/554705
Full Stack Developer (JavaScript),kevinviaInvest Lithuania,"Vilnius, Lithuania",https://stackoverflow.com/jobs/543985
Python Engineer,McD Tech Labs,"Mountain View, CA",https://stackoverflow.com/jobs/534766
Customer Support Engineer at Bosch IoT Start-up,Azena (A Bosch IoT Start-Up),"München, Germany",https://stackoverflow.com/jobs/566162
Full stack software engineer,Ailo,"Melbourne, Australia",https://stackoverflow.com/jobs/372382
Backend Engineer 80-100% (f/m/d),Homegate,"Berlin, Germany",https://stackoverflow.com/jobs/543690
Geo Data Visualization Front-End Developer,Esri,"Arlington, VA",https://stackoverflow.com/jobs/566041
Backend Java Developer - for a cloud-based language training solution,Speexx,No office location,https://stackoverflow.com/jobs/524577
Werkstudent/in Full Stack Developer (m/w/d),Audi Business Innovation GmbH,"München, Germany",https://stackoverflow.com/jobs/565967
Senior Software Engineer - tripleup.com,Triple for Numo,"Pittsburgh, PA",https://stackoverflow.com/jobs/545291
Senior Software Engineer - React Native,uShip,"Austin, TX",https://stackoverflow.com/jobs/550764
C++ Software Engineer,"Old Mission Capital, LLC","Chicago, IL",https://stackoverflow.com/jobs/528806
"Tech Lead, Python Systems Engineering",McD Tech Labs,"Mountain View, CA",https://stackoverflow.com/jobs/523801
Senior Front-End Developer,Alfi Inc.,"Denver, CO",https://stackoverflow.com/jobs/519794
Senior Python Backend Developer,Alfi Inc.,"Belfast, UK",https://stackoverflow.com/jobs/520640
Backend Engineer - Senior,Busuu,"Madrid, Spain",https://stackoverflow.com/jobs/559393
Frontend Developer / Headless Expert,Magnolia International Ltd.,No office location,https://stackoverflow.com/jobs/525573
HPC Software Applications Engineer,Intel Corporation,"Hillsboro, OR",https://stackoverflow.com/jobs/531300
Software Engineer in Test,Esri,"Redlands, CA",https://stackoverflow.com/jobs/561053
Senior Front End developer,Apicbase Belgium,No office location,https://stackoverflow.com/jobs/526988
Software Developers -  Gaming Tech,Derivco.,"Douglas, Isle of Man",https://stackoverflow.com/jobs/551468
Front-end Software Engineer,McD Tech Labs,"Mountain View, CA",https://stackoverflow.com/jobs/523792
JavaScript Engineer,LeoVegas Mobile Gaming Group,"Stockholm, Sweden",https://stackoverflow.com/jobs/386114
"Junior Developer for Cloud Technologies (Kafka, Flink, Terraform)",reeeliance IM GmbH,"Hamburg, Deutschland",https://stackoverflow.com/jobs/516858
JR0178225 OpenIPC Senior Software Engineer,Intel Corporation,"Hillsboro, OR",https://stackoverflow.com/jobs/542196
Web Systems Engineer - HPC Products,DUG Technology,"West Perth, Australia",https://stackoverflow.com/jobs/528138
HPC Software Applications Engineer,Intel Corporation,"Hillsboro, OR",https://stackoverflow.com/jobs/531300
Software Engineer - Full Stack (Mid-Senior),Olo,No office location,https://stackoverflow.com/jobs/448572
Developer Advocate,"Zeplin, Inc","San Francisco, CA",https://stackoverflow.com/jobs/549154
Software Defined Radio Developer,Captivation Software,"Aberdeen Proving Ground, MD",https://stackoverflow.com/jobs/316048
Cloud Infrastructure Engineer (f/m/d),alfaview GmbH,No office location,https://stackoverflow.com/jobs/504206
Staff Site Reliability Engineer,McD Tech Labs,"Mountain View, CA",https://stackoverflow.com/jobs/534770
Senior Software Engineer,"Jack Henry & Associates, Inc.®",No office location,https://stackoverflow.com/jobs/558523
Senior Software Engineer,Intel Corporation,"Bengaluru, India",https://stackoverflow.com/jobs/539300
Full stack software engineer,Ailo,"Melbourne, Australia",https://stackoverflow.com/jobs/372382
"Frontend Engineer React, vanilla JavaScript, CSS (m/f/d)",LIQID Investments GmbH,"Berlin, Deutschland",https://stackoverflow.com/jobs/566192
"Front-End Developer, Research & Development",Houston Astros Baseball R&D,"Houston, TX",https://stackoverflow.com/jobs/534755
Senior Frontend Engineer,Open Systems AG,"Zürich, Switzerland",https://stackoverflow.com/jobs/521998
Senior Fullstack Engineer,Tradeshift,"Bucharest, Romania",https://stackoverflow.com/jobs/530234
"Senior Software Engineer, Front End",Stardog Union,No office location,https://stackoverflow.com/jobs/566210
Software Development Engineer I - Maritime,Esri,"Redlands, CA",https://stackoverflow.com/jobs/529299
Backend Java Developer,Tradeshift,"București, Romania",https://stackoverflow.com/jobs/533090
Senior Front-End Developer,Alfi Inc.,"Denver, CO",https://stackoverflow.com/jobs/519794
Senior Software Engineer - Core Platforms & Libraries (Java),Canva,"Sydney, Australia",https://stackoverflow.com/jobs/519293
Senior Software Engineer,"Jack Henry & Associates, Inc.®",No office location,https://stackoverflow.com/jobs/558523
"Quality Engineer, Backend",Revance,"Pleasanton, CA",https://stackoverflow.com/jobs/525877
Go Developer (m/f/d) - onsite or remote within the EU,ABOUT YOU SE & Co. KG,"Hamburg, Deutschland",https://stackoverflow.com/jobs/299098
Senior Software Engineer,Intel Corporation,"Bengaluru, India",https://stackoverflow.com/jobs/539300
"Front-End Developer, Research & Development",Houston Astros Baseball R&D,"Houston, TX",https://stackoverflow.com/jobs/534755
Full Stack Developer,The Focusrite Group,"London, UK",https://stackoverflow.com/jobs/566176
"(Senior) Golang Engineer - Ratings and Reviews, Consumer Discovery (f/m/d)",Delivery Hero SE,"Berlin, Germany",https://stackoverflow.com/jobs/562668
Senior Fullstack Engineer,Tradeshift,"Bucharest, Romania",https://stackoverflow.com/jobs/530234
"Senior Linux Support Engineer, AMER",Canonical,No office location,https://stackoverflow.com/jobs/461307
DevOps Engineer (f/m/d),"AppLike Group - justDice, adjoe and Sunday","Hamburg, Deutschland",https://stackoverflow.com/jobs/553412
Deep Learning HW Engineer (Home Based Office/Hybrid/Katowice),Intel Corporation,"Katowice, Poland",https://stackoverflow.com/jobs/565644
Senior Frontend Engineer,AMBOSS,"Berlin, Germany",https://stackoverflow.com/jobs/558018
Deep Learning Software Engineering Lead,Intel Corporation,"Santa Clara, CA",https://stackoverflow.com/jobs/528247
Senior Fullstack Engineer,AMBOSS,"Berlin, Germany",https://stackoverflow.com/jobs/557771
Senior Software Audit Engineer,Exodus.io,No office location,https://stackoverflow.com/jobs/561462
Web developer,Intel Corporation,"Moscow, Russia",https://stackoverflow.com/jobs/530450
Senior Java Software Engineer,eBay,"London, UK",https://stackoverflow.com/jobs/566198
Engineering Manager (f/m/x),PPRO,"München, Germany",https://stackoverflow.com/jobs/565335
Senior Frontend Developer,MSCI,"Budapest, Hungary",https://stackoverflow.com/jobs/553439
System Architect,Tucows,No office location,https://stackoverflow.com/jobs/560728
Senior Front-End JavaScript Engineer,Canva,"Sydney, Australia",https://stackoverflow.com/jobs/150823
"Engineering Manager, Front End (f/m/d) - Fintech",Delivery Hero SE,"Berlin, Germany",https://stackoverflow.com/jobs/565908
Software Architect - Advanced Driver Assistance Systems - Travel Assist (m/f/d),CARIAD,"Berlin, Germany",https://stackoverflow.com/jobs/561728
Senior Javascript Full-stack Engineer,Didomi,"Paris, France",https://stackoverflow.com/jobs/520680
Dart/ Flutter Developer (m/f/d) - Shop Applications - onsite or remote within EU,ABOUT YOU SE & Co. KG,"Hamburg, Deutschland",https://stackoverflow.com/jobs/351153
Software Engineer (.NET/C#),Rockstar Games,"Carlsbad, CA",https://stackoverflow.com/jobs/412872
Senior Data Scientist / Data Engineer,F-Secure,"Poznań, Poland",https://stackoverflow.com/jobs/538605
Senior Solutions Engineer - AWS,Capital Group,"Irvine, CA",https://stackoverflow.com/jobs/538629
Senior Backend Engineer (Golang) - Location (f/m/d),Delivery Hero SE,"Berlin, Germany",https://stackoverflow.com/jobs/562282
Cloud Software Performance Engineer,Intel Corporation,"Hillsboro, OR",https://stackoverflow.com/jobs/528554
Software Validation Engineer,Intel Corporation,"Gdańsk, Poland",https://stackoverflow.com/jobs/529939
Frontend (UX) Engineer,Pinnacle 21,No office location,https://stackoverflow.com/jobs/561044
Senior Frontend Engineer,Assurance,No office location,https://stackoverflow.com/jobs/551623
Scala Software Engineer (Mid-Level To Lead),"Jack Henry & Associates, Inc.®",No office location,https://stackoverflow.com/jobs/533136
Are you fluent in iOS and Swift?,Shape A/S,"København, Denmark",https://stackoverflow.com/jobs/557005
Software Developer in Test,Which?,"London, UK",https://stackoverflow.com/jobs/556887
Senior Full Stack Developer,Frontify AG,"St. Gallen, Switzerland",https://stackoverflow.com/jobs/516144
Engineering Manager,AMBOSS,"Berlin, Germany",https://stackoverflow.com/jobs/524863
"Technical Product Manager, Integrations & APIs",SpotMe,No office location,https://stackoverflow.com/jobs/565854
Frontend Engineer 80-100% (f/m/d),Homegate,"Berlin, Germany",https://stackoverflow.com/jobs/543689
Software Engineer (Distributed Database),ByteDance,Singapore,https://stackoverflow.com/jobs/523444
Senior Node.js Engineer - Assets,Exodus.io,No office location,https://stackoverflow.com/jobs/565957
Scrum Master / Project Manager*  / 80-100%,Goldbach Group AG,"Zürich, Switzerland",https://stackoverflow.com/jobs/566123
Xamarin Lead Developer for a virtual team,GLOBAL APPCASTING AB,No office location,https://stackoverflow.com/jobs/558870
"Software Engineering Manager, Seattle WA",MSCI,"Seattle, WA",https://stackoverflow.com/jobs/565855
(Senior) Software Engineer (Ruby) - Logistics Optimisation (f/m/d),Delivery Hero SE,"Berlin, Germany",https://stackoverflow.com/jobs/566240
Web Developer - JavaScript,Esri,"Redlands, CA",https://stackoverflow.com/jobs/566040
Architect and Create the Future of Orion Planning - ASP.Net - 100% Remote,"Orion Advisor Solutions, Inc.",No office location,https://stackoverflow.com/jobs/566082
"Software Engineer, Android",Citymapper,"London, UK",https://stackoverflow.com/jobs/517302
(Senior) Software Engineer (Ruby) - Logistics Optimisation (f/m/d),Delivery Hero SE,"Berlin, Germany",https://stackoverflow.com/jobs/566240
Xamarin Lead Developer for a virtual team,GLOBAL APPCASTING AB,No office location,https://stackoverflow.com/jobs/558870
Dart/ Flutter Developer (m/f/d) - Shop Applications - onsite or remote within EU,ABOUT YOU SE & Co. KG,"Hamburg, Deutschland",https://stackoverflow.com/jobs/351153
"Software Engineering Manager, Seattle WA",MSCI,"Seattle, WA",https://stackoverflow.com/jobs/565855
Web Developer - JavaScript,Esri,"Redlands, CA",https://stackoverflow.com/jobs/566040
"Software Engineer, Android",Citymapper,"London, UK",https://stackoverflow.com/jobs/517302
"Senior Software Engineer, Content Management System Product Group (CMS)",HubSpot,"Boston, MA",https://stackoverflow.com/jobs/526394
"Engineering Manager - Rider Transmission, Logistics (f/m/d)",Delivery Hero SE,"Berlin, Germany",https://stackoverflow.com/jobs/565821
Experienced Front-end Developer,F-Secure,"Helsinki, Finland",https://stackoverflow.com/jobs/552301
Senior Software Engineer- Advanced Driver Assistant Systems / Travel Assist (m/f/d),CARIAD,"Wolfsburg, Germany",https://stackoverflow.com/jobs/561729
iOS Developer who wants to build apps that stand out,Shape A/S,"København, Denmark",https://stackoverflow.com/jobs/369984
Software Development Engineer in Test,Intel Corporation,"Bengaluru, India",https://stackoverflow.com/jobs/539336
Deep Learning Software Architect,Intel Corporation,"Hillsboro, OR",https://stackoverflow.com/jobs/530196
Senior Golang Backend Engineer - Site Reliability Engineering (f/m/d),Delivery Hero SE,"Berlin, Germany",https://stackoverflow.com/jobs/566014
Software Engineer,ENSEK,"Melbourne, Australia",https://stackoverflow.com/jobs/552595
Principal Java Engineer,Picnic,"Amsterdam, Netherlands",https://stackoverflow.com/jobs/559762
FPGA EDA Software Developer,Intel Corporation,"Toronto, ON, Canada",https://stackoverflow.com/jobs/530197
Platform Engineer,"The Constant Company, LLC Creator of Vultr","West Palm Beach, FL",https://stackoverflow.com/jobs/565946
Firmware/Software Architect,Intel Corporation,"Jerusalem, Israel",https://stackoverflow.com/jobs/539163
Full Stack Developer,Rakettitiede,"Helsinki, Finland",https://stackoverflow.com/jobs/522743
Software Engineer,Intel Corporation,"George Town, Malaysia",https://stackoverflow.com/jobs/552552
Software Integration AI Engineer,Intel Corporation,"George Town, Malaysia",https://stackoverflow.com/jobs/552554
Software Engineer - Silicon Product Design,Intel Corporation,"Hillsboro, OR",https://stackoverflow.com/jobs/530198
"Senior Frontend Engineer React, vanilla JavaScript, CSS, C3 (m/f/d)",LIQID Investments GmbH,"Berlin, Deutschland",https://stackoverflow.com/jobs/566193
"Staff Software Engineer, Applied AI",McD Tech Labs,"Mountain View, CA",https://stackoverflow.com/jobs/523807
Senior DevOps Engineer (f/m/x),PPRO,"München, Germany",https://stackoverflow.com/jobs/565334
Software Validation Engineer,Intel Corporation,"Gdańsk, Poland",https://stackoverflow.com/jobs/529939
Linux Graphics Software Engineer,Intel Corporation,"Hillsboro, OR",https://stackoverflow.com/jobs/531298
Graphics SRIOV Virtualization Developer,Intel Corporation,"Bengaluru, India",https://stackoverflow.com/jobs/539293
Sr. Full Stack Engineer (JS + Ruby),Almanac,No office location,https://stackoverflow.com/jobs/543500
Software Development Engineer,Intel Corporation,"Bengaluru, India",https://stackoverflow.com/jobs/539337
Software Engineer (HVM),Intel Corporation,"Kulim, Malaysia",https://stackoverflow.com/jobs/538188
Software Engineer,Intel Corporation,"George Town, Malaysia",https://stackoverflow.com/jobs/552552
Ethernet Technologies Software Applications Engineer - DPDK,Intel Corporation,"Hillsboro, OR",https://stackoverflow.com/jobs/530199
Software Engineer - Robotics (m/f/d),Motius GmbH,"München, Deutschland",https://stackoverflow.com/jobs/545488
(Senior) Software Engineer (Ruby) - Logistics Optimisation (f/m/d),Delivery Hero SE,"Berlin, Germany",https://stackoverflow.com/jobs/566240
"Software Engineering Manager, Seattle WA",MSCI,"Seattle, WA",https://stackoverflow.com/jobs/565855
Software Program Manager,Intel Corporation,"George Town, Malaysia",https://stackoverflow.com/jobs/552551
Software Engineer - Networking Applications,Intel Corporation,"Bengaluru, India",https://stackoverflow.com/jobs/539242
Solidity Developer (Remote),SORAMITSU,"Innopolis, Russia",https://stackoverflow.com/jobs/565264
iOS Developer who wants to build apps that stand out,Shape A/S,"København, Denmark",https://stackoverflow.com/jobs/369984
Software Engineer,ENSEK,"Melbourne, Australia",https://stackoverflow.com/jobs/552595
Ethernet Technologies RDMA Software Applications Engineer,Intel Corporation,"Austin, TX",https://stackoverflow.com/jobs/530201
Salesforce Engineering Manager (Q-Commerce - Local Shops) (f/m/d),Delivery Hero SE,"Berlin, Germany",https://stackoverflow.com/jobs/565645
Product Engineer I - Real Time & Big Data,Esri,"Redlands, CA",https://stackoverflow.com/jobs/566044
Senior Software Quality Assurance,komoot,No office location,https://stackoverflow.com/jobs/566223
Fullstack Engineer 80-100% (f/m/d),Homegate,No office location,https://stackoverflow.com/jobs/543686
Java Software Engineer,Captivation Software,"Annapolis Junction, MD",https://stackoverflow.com/jobs/525424
Senior Data Engineer (Python) - Remote,SemanticBits,No office location,https://stackoverflow.com/jobs/559051
"Staff Software Engineer, Applied AI",McD Tech Labs,"Mountain View, CA",https://stackoverflow.com/jobs/523807
Cloud Software Engineer,Esri,"Redlands, CA",https://stackoverflow.com/jobs/561051
Software Engineer III (Remote) - C#,McDonald's Corporation,No office location,https://stackoverflow.com/jobs/549150
Graphics Software Engineer,Intel Corporation,"Bengaluru, India",https://stackoverflow.com/jobs/539298
Software Engineer,Intel Corporation,"Hillsboro, OR",https://stackoverflow.com/jobs/531578
IoT Backend Developer | Digital Product Organization,Electrolux,"Saint Petersburg, Russia",https://stackoverflow.com/jobs/552493
Open Source Software Lead (Cloud Native),Intel Corporation,"Dublin, Ireland",https://stackoverflow.com/jobs/553034
Solidity Developer (Remote),SORAMITSU,"Innopolis, Russia",https://stackoverflow.com/jobs/565264
DevOps Engineer,Picnic,"Amsterdam, Netherlands",https://stackoverflow.com/jobs/166839
Software Development Engineer in Test,Intel Corporation,"Bengaluru, India",https://stackoverflow.com/jobs/539336
Software Engineer - Robotics (m/f/d),Motius GmbH,"München, Deutschland",https://stackoverflow.com/jobs/545488
Graphics SRIOV Virtualization Developer,Intel Corporation,"Bengaluru, India",https://stackoverflow.com/jobs/539293
Senior Data Scientist,komoot,No office location,https://stackoverflow.com/jobs/566225
JavaScript Developer,Chalkboard Software Limited,No office location,https://stackoverflow.com/jobs/562302
Senior Software Quality Assurance,komoot,No office location,https://stackoverflow.com/jobs/566223
Firmware/Software Architect,Intel Corporation,"Jerusalem, Israel",https://stackoverflow.com/jobs/539163
"Software Engineer - Java, Product & Features",Canva,"Sydney, Australia",https://stackoverflow.com/jobs/156512
Senior iOS Developer,Marks & Spencer,"London, UK",https://stackoverflow.com/jobs/530984
IT Security and Compliance Analyst,Chorus One,No office location,https://stackoverflow.com/jobs/565916
Salesforce Engineering Manager (Q-Commerce - Local Shops) (f/m/d),Delivery Hero SE,"Berlin, Germany",https://stackoverflow.com/jobs/565645
Senior Product Manager,Spatial,"San Francisco, CA",https://stackoverflow.com/jobs/560615
Software Development Engineer,Intel Corporation,"Guadalajara, Mexico",https://stackoverflow.com/jobs/557649
Intern - Product Management Shop Applications (m/f/d),ABOUT YOU SE & Co. KG,"Hamburg, Deutschland",https://stackoverflow.com/jobs/332770
DevOps / Site Reliability Engineer,ComplyAdvantage,"London, UK",https://stackoverflow.com/jobs/528634
Senior Backend Developer (m/f/d) - remote.,Data Virtuality GmbH,No office location,https://stackoverflow.com/jobs/553595
Security Engineer - APPSEC (f/m/x),PPRO,"München, Germany",https://stackoverflow.com/jobs/554399
"(Senior) Engineering Manager - Order Optimisation, Logistics (f/m/d)",Delivery Hero SE,"Berlin, Germany",https://stackoverflow.com/jobs/566164
Open Source Software Lead (Cloud Native),Intel Corporation,"Dublin, Ireland",https://stackoverflow.com/jobs/553034
DevOps / Site Reliability Engineer,ComplyAdvantage,"London, UK",https://stackoverflow.com/jobs/528634
(Senior) Frontend Developer (f/m/d),"AppLike Group - justDice, adjoe and Sunday","Hamburg, Deutschland",https://stackoverflow.com/jobs/526490
DevOps Engineer,Picnic,"Amsterdam, Netherlands",https://stackoverflow.com/jobs/166839
Senior Backend Engineer,McD Tech Labs,"Mountain View, CA",https://stackoverflow.com/jobs/523791
LEAD INSTRUCTOR - WEB DEVELOPMENT [full time || part time],WBS Gruppe,No office location,https://stackoverflow.com/jobs/556317
Graphics SRIOV Virtualization Developer,Intel Corporation,"Bengaluru, India",https://stackoverflow.com/jobs/539293
Senior Software Engineer-Technology Enablement,Intel Corporation,"Seattle, WA",https://stackoverflow.com/jobs/531581
JavaScript Developer,Chalkboard Software Limited,No office location,https://stackoverflow.com/jobs/562302
Platform Hardware Engineer,Intel Corporation,"Shanghai, China",https://stackoverflow.com/jobs/543851
"Software Engineering Manager - Selection Domain, Core Order (w/m/d)",Delivery Hero SE,"Berlin, Germany",https://stackoverflow.com/jobs/562276
Java/Wildfly Backend Developer - m/f/d. LONG-TERM. CONTRACTOR. REMOTE.,Data Virtuality GmbH,No office location,https://stackoverflow.com/jobs/556747
Senior Data Engineer,Revance,"Pleasanton, CA",https://stackoverflow.com/jobs/525879
Software Development Engineer in Test,"ESO Solutions, Inc.","Belfast, UK",https://stackoverflow.com/jobs/528503
Senior Electronics Engineer,Rain Bird Corporation,"San Diego, CA",https://stackoverflow.com/jobs/555338
Mobile Developer,Chalkboard Software Limited,No office location,https://stackoverflow.com/jobs/562303
Senior Product Manager,Spatial,"San Francisco, CA",https://stackoverflow.com/jobs/560615
Senior Front End Developer,Gamesys Group,"London, UK",https://stackoverflow.com/jobs/559765
Senior Data Scientist,komoot,No office location,https://stackoverflow.com/jobs/566225
Foveros SORT/TEST Process Engineering,Intel Corporation,"Albuquerque, NM",https://stackoverflow.com/jobs/535035
Intern - Product Management Shop Applications (m/f/d),ABOUT YOU SE & Co. KG,"Hamburg, Deutschland",https://stackoverflow.com/jobs/332770
Front End Developer,Insites Digital,"Hitchin, UK",https://stackoverflow.com/jobs/531167
Software/Firmware Engineer C/C++,Intel Corporation,"Gdańsk, Poland",https://stackoverflow.com/jobs/529937
Senior Engineering Manager,Kinsta,No office location,https://stackoverflow.com/jobs/561821
QA / Test Automation Engineer (m/f/d),Serrala,"Bukarest, Rumänien",https://stackoverflow.com/jobs/523797
JavaScript Developer,Chalkboard Software Limited,No office location,https://stackoverflow.com/jobs/562302
"Linux Support Engineer, EMEA",Canonical,No office location,https://stackoverflow.com/jobs/535275
Senior Production Support Engineer,Revance,"Pleasanton, CA",https://stackoverflow.com/jobs/525882
Software/Firmware Engineer C/C++,Intel Corporation,"Gdańsk, Poland",https://stackoverflow.com/jobs/529937
Sr. Lead Firmware Engineer,Rain Bird Corporation,"San Diego, CA",https://stackoverflow.com/jobs/554715
"Quality Assurance Engineer, Video Infrastructure",ByteDance,Singapore,https://stackoverflow.com/jobs/547752
Software Engineer,Intel Corporation,"Hillsboro, OR",https://stackoverflow.com/jobs/530570
Senior Product Manager,Spatial,"San Francisco, CA",https://stackoverflow.com/jobs/560615
CPU/SW Architect,Intel Corporation,"Haifa, Israel",https://stackoverflow.com/jobs/539164
"Quality Engineer, Manual",Revance,"Pleasanton, CA",https://stackoverflow.com/jobs/525880
Cloud Native Senior Software Engineer,Intel Corporation,"Dublin, Ireland",https://stackoverflow.com/jobs/548771
Intern - Product Management Shop Applications (m/f/d),ABOUT YOU SE & Co. KG,"Hamburg, Deutschland",https://stackoverflow.com/jobs/332770
Front End Developer,Insites Digital,"Hitchin, UK",https://stackoverflow.com/jobs/531167
Storage Software Engineer,Intel Corporation,"Shanghai, China",https://stackoverflow.com/jobs/543849
System-Administrator für aufstrebendes IT-Unternehmen gesucht!,edudip GmbH,"Aachen, Deutschland",https://stackoverflow.com/jobs/516871
Full Stack Developer,Checkmarx,"Braga, Portugal",https://stackoverflow.com/jobs/531561
ASIC and FPGA Applications Engineer,Intel Corporation,"Timișoara, Romania",https://stackoverflow.com/jobs/553250
Senior Software Engineer- Data Platforms,Intel Corporation,"Hillsboro, OR",https://stackoverflow.com/jobs/531579
Scientific Applications Developer,DownUnder GeoSolutions Pty Ltd,"West Perth, Australia",https://stackoverflow.com/jobs/352726
"Site Reliability Engineer, Video Infrastructure",ByteDance,Singapore,https://stackoverflow.com/jobs/547753
Cloud Software Engineer,Intel Corporation,"Hillsboro, OR",https://stackoverflow.com/jobs/530195
Cloud Software Engineer,Intel Corporation,"Gdańsk, Poland",https://stackoverflow.com/jobs/529942
"Tech Lead, Machine Learning Evaluation",McD Tech Labs,"Mountain View, CA",https://stackoverflow.com/jobs/523812
Cloud Software Engineer,Intel Corporation,"Guadalajara, Mexico",https://stackoverflow.com/jobs/536886
DevOps Engineer,Sytac IT Consulting,"Haarlem, Netherlands",https://stackoverflow.com/jobs/534200
PHP Developer - DWH team,Supermetrics Oy,No office location,https://stackoverflow.com/jobs/566200
"Quality Engineer, Manual",Revance,"Pleasanton, CA",https://stackoverflow.com/jobs/525880
Process Development Engineer,Intel Corporation,"Albuquerque, NM",https://stackoverflow.com/jobs/552548
ASIC and FPGA Applications Engineer,Intel Corporation,"Timișoara, Romania",https://stackoverflow.com/jobs/553250
Storage Software Engineer,Intel Corporation,"Shanghai, China",https://stackoverflow.com/jobs/543849
Full-Stack Software Engineer,Marks & Spencer,"London, UK",https://stackoverflow.com/jobs/530982
Deep Learning System Frameworks Engineer,Intel Corporation,"Shanghai, China",https://stackoverflow.com/jobs/543845
"Experienced DevOps Consultant, GitLab/GitHub",Eficode Finland,"Helsinki, Finland",https://stackoverflow.com/jobs/559636
IT Service Management Practitioner,MITRE,"McLean, VA",https://stackoverflow.com/jobs/515350
(senior) Software Engineer C#,Topic Embedded Systems B.V.,"Best, Netherlands",https://stackoverflow.com/jobs/555741
Cloud Software Engineer,Intel Corporation,"Guadalajara, Mexico",https://stackoverflow.com/jobs/536886
Senior Cloud Software Engineer,Intel Corporation,"Shanghai, China",https://stackoverflow.com/jobs/540182
Compiler Engineer,Intel Corporation,"Santa Clara, CA",https://stackoverflow.com/jobs/531296
Edge AI Deep Learning Validation Engineer,Intel Corporation,"Bengaluru, India",https://stackoverflow.com/jobs/539297
QA & Release Management Lead,SpotMe,No office location,https://stackoverflow.com/jobs/536255
Full Stack Developer,Checkmarx,"Braga, Portugal",https://stackoverflow.com/jobs/531561
Math Algorithm Engineer oneMKL,Intel Corporation,"Hillsboro, OR",https://stackoverflow.com/jobs/531003
Senior PHP Developer,Payslip,No office location,https://stackoverflow.com/jobs/449504
Senior Software Engineer-Technology Enablement,Intel Corporation,"Seattle, WA",https://stackoverflow.com/jobs/531581
DevOps Team Lead,Self Decode,No office location,https://stackoverflow.com/jobs/557000
.NET Developer,Accenture Romania,No office location,https://stackoverflow.com/jobs/550598
Platform Hardware Engineer,Intel Corporation,"Shanghai, China",https://stackoverflow.com/jobs/543851
Senior Data Engineer - Remote,Didomi,"Paris, France",https://stackoverflow.com/jobs/557607
"Tech Lead, Data Infrastructure",McD Tech Labs,"Mountain View, CA",https://stackoverflow.com/jobs/523800
Site Reliability Engineer - Terraform,SpotMe,No office location,https://stackoverflow.com/jobs/308372
DevOps Cloud Engineer (m/f/d),Serrala,"Hamburg, Deutschland",https://stackoverflow.com/jobs/523804
Big Data Engineer,Vodafone,"Newbury, UK",https://stackoverflow.com/jobs/531776
Deep Learning System Frameworks Engineer,Intel Corporation,"Shanghai, China",https://stackoverflow.com/jobs/543845
Intermediate Back-End Software Developer,Derivco.,"Umhlanga, South Africa",https://stackoverflow.com/jobs/528653
Mobile Developer,Chalkboard Software Limited,No office location,https://stackoverflow.com/jobs/562303
"Site Reliability Engineer, Kubernetes",camunda,No office location,https://stackoverflow.com/jobs/550386
Data Engineer,McD Tech Labs,"Mountain View, CA",https://stackoverflow.com/jobs/523793
"Experienced DevOps Consultant, GitLab/GitHub",Eficode Finland,"Helsinki, Finland",https://stackoverflow.com/jobs/559636
(senior) Software Engineer C#,Topic Embedded Systems B.V.,"Best, Netherlands",https://stackoverflow.com/jobs/555741
Senior Test Manager with focus on diagnosis (m/f/d),CARIAD,"Wolfsburg, Germany",https://stackoverflow.com/jobs/563117
Software Development Manager - Restaurant Technologies,McDonald's Corporation,"Chicago, IL",https://stackoverflow.com/jobs/523590
Python Engineer,Intel Corporation,"Gdańsk, Poland",https://stackoverflow.com/jobs/529943
Senior Cloud Software Engineer,Intel Corporation,"Shanghai, China",https://stackoverflow.com/jobs/540182
Android Developer (Kotlin) | Digital Product Organization,Electrolux,"Saint Petersburg, Russia",https://stackoverflow.com/jobs/551300
iOS Developer - Support the growth of a popular French video-sharing platform,Pentalog,No office location,https://stackoverflow.com/jobs/554212
Toolchain Development Engineer,Intel Corporation,"Bengaluru, India",https://stackoverflow.com/jobs/539299
Sr. Software Engineer,SpaceX,"Hawthorne, CA",https://stackoverflow.com/jobs/562441
Senior Android Developer,komoot,No office location,https://stackoverflow.com/jobs/566231
iOS Engineer (Remote or Relocate),Bending Spoons,"Milano, Italy",https://stackoverflow.com/jobs/459686
Backend Engineer,Akselos S.A.,"Lausanne, Switzerland",https://stackoverflow.com/jobs/519931
.NET Developer,Accenture Romania,No office location,https://stackoverflow.com/jobs/550598
Senior Information Security Analyst- 1 year Contract - Remote,Tucows,No office location,https://stackoverflow.com/jobs/522324
"Tech Lead Full Stack - Check-out & Payments (Java, React, Kotlin)",AH Technology – Albert Heijn,"Zaandam, Netherlands",https://stackoverflow.com/jobs/551296
Sr. Test Engineer,Rain Bird Corporation,"Tucson, AZ",https://stackoverflow.com/jobs/555341
"Site Reliability Engineer, Kubernetes",camunda,No office location,https://stackoverflow.com/jobs/550386
Full Stack Developer,Checkmarx,"Braga, Portugal",https://stackoverflow.com/jobs/531561
DevOps Team Lead,Self Decode,No office location,https://stackoverflow.com/jobs/557000
.NET Developer,Accenture Romania,No office location,https://stackoverflow.com/jobs/550598
"Tech Lead, Machine Learning Evaluation",McD Tech Labs,"Mountain View, CA",https://stackoverflow.com/jobs/523812
Deep Learning Snr Engineer (Operator Scaling),Intel Corporation,"Timișoara, Romania",https://stackoverflow.com/jobs/553247
QA / Test Automation Engineer (m/f/d),Serrala,"Bukarest, Rumänien",https://stackoverflow.com/jobs/523797
PHP Developer (m/f/x),Pepper Media Holding GmbH,"Winnipeg, MB, Canada",https://stackoverflow.com/jobs/543464
Solutions Data Engineer,Capital Group,"Irvine, CA",https://stackoverflow.com/jobs/558028
Staff Data Engineer - Big Loop and Advanced Systems (m/f/d),CARIAD,"Wolfsburg, Germany",https://stackoverflow.com/jobs/547933
LEAD INSTRUCTOR - DATA SCIENCE,WBS Gruppe,No office location,https://stackoverflow.com/jobs/566091
Software Cloud Telemetry Engineer,Intel Corporation,"Hillsboro, OR",https://stackoverflow.com/jobs/530191
DevOps Engineer with interesting scale up challenges,Channable,"Utrecht, Netherlands",https://stackoverflow.com/jobs/500253
Site Reliability Engineering Manager,Canonical,No office location,https://stackoverflow.com/jobs/533163
DevOps Cloud Engineer (m/f/d),Serrala,"Hamburg, Deutschland",https://stackoverflow.com/jobs/523804
Engineering Manager (Data Insights),ComplyAdvantage,"London, UK",https://stackoverflow.com/jobs/528535
Software Engineer,Intel Corporation,"Shanghai, China",https://stackoverflow.com/jobs/540589
Senior Fullstack Engineer (Identity Management Team) (f/m/d),Delivery Hero SE,"Berlin, Germany",https://stackoverflow.com/jobs/560700
Sr. Wireless Base Stations SW Validation Lead,Intel Corporation,"Beijing, China",https://stackoverflow.com/jobs/543847
Senior Solutions Architect/Data Architect,Intel Corporation,"Hillsboro, OR",https://stackoverflow.com/jobs/530028
Tech Lead - Product Master Data,Intel Corporation,"Hillsboro, OR",https://stackoverflow.com/jobs/530208
Engineering Manager (Application Security),Exodus.io,No office location,https://stackoverflow.com/jobs/556902
Toolchain Development Engineer,Intel Corporation,"Bengaluru, India",https://stackoverflow.com/jobs/539299
Data Engineer,InfoTrust LLC,"Cincinnati, OH",https://stackoverflow.com/jobs/527863
"Principal Software Engineer, Visual Interfaces (Front End / Full Stack) - London",Synthace Ltd.,"London, UK",https://stackoverflow.com/jobs/554537
DevOps Engineer,Sytac IT Consulting,"Haarlem, Netherlands",https://stackoverflow.com/jobs/534200
Systems Security Developer,Intel Corporation,"Bengaluru, India",https://stackoverflow.com/jobs/539253
Cloud Solutions Architect,Intel Corporation,"Seattle, WA",https://stackoverflow.com/jobs/540893
Sr. Test Engineer,Rain Bird Corporation,"Tucson, AZ",https://stackoverflow.com/jobs/555341
Senior Cloud Software Services Architect,Intel Corporation,"Hillsboro, OR",https://stackoverflow.com/jobs/530190
Process Development Engineer,Intel Corporation,"Albuquerque, NM",https://stackoverflow.com/jobs/552548
"Tech Lead Full Stack - Check-out & Payments (Java, React, Kotlin)",AH Technology – Albert Heijn,"Zaandam, Netherlands",https://stackoverflow.com/jobs/551296
(Senior) IT compliance Engineer - (IT Services) (f/m/d),Delivery Hero SE,"Berlin, Germany",https://stackoverflow.com/jobs/561815
Hyperscale Cloud Developer Advocate,Intel Corporation,"Hillsboro, OR",https://stackoverflow.com/jobs/528557
DevOps Engineer for growing VC-backed UK startup based in UK,Snowplow Analytics,"London, UK",https://stackoverflow.com/jobs/539249
Full-Stack Software Engineer,Marks & Spencer,"London, UK",https://stackoverflow.com/jobs/530982
Senior iOS Developer,komoot,No office location,https://stackoverflow.com/jobs/566224
Sr. Signal Integrity Engineer,Intel Corporation,"Shanghai, China",https://stackoverflow.com/jobs/543848
Senior Embedded Systems Development Engineer,Baker Hughes,"Mumbai, India",https://stackoverflow.com/jobs/565320
Data Engineer,Hubs,"Amsterdam, Netherlands",https://stackoverflow.com/jobs/558873
Senior SRE / DevOps Engineer (m/f/d),CARIAD,"Wolfsburg, Germany",https://stackoverflow.com/jobs/561427
IT Service Management Practitioner,MITRE,"McLean, VA",https://stackoverflow.com/jobs/515350
iOS Dveloper,Western Governors University,No office location,https://stackoverflow.com/jobs/550609
Platform Tech Lead,Which?,"London, UK",https://stackoverflow.com/jobs/556884
Senior Engineering Manager,eBay,"London, UK",https://stackoverflow.com/jobs/566241
Technical Writer,Magnolia International Ltd.,"Basel, Switzerland",https://stackoverflow.com/jobs/526313
SUSE Rancher Technical Engineer (Flexible Location Europe),SUSE,No office location,https://stackoverflow.com/jobs/555244
Senior Developer,ECI Software Solutions,No office location,https://stackoverflow.com/jobs/560454
Edge AI Deep Learning Validation Engineer,Intel Corporation,"Bengaluru, India",https://stackoverflow.com/jobs/539297
Software Engineer,Intel Corporation,"Hillsboro, OR",https://stackoverflow.com/jobs/530205
Platform Tech Lead,Which?,"London, UK",https://stackoverflow.com/jobs/556884
Sr. Test Engineer,Rain Bird Corporation,"Tucson, AZ",https://stackoverflow.com/jobs/555341
Network Software Engineer,Intel Corporation,"Austin, TX",https://stackoverflow.com/jobs/530203
DevOps Lead,Which?,"London, UK",https://stackoverflow.com/jobs/556891
SUSE Rancher Technical Engineer (Flexible Location Europe),SUSE,No office location,https://stackoverflow.com/jobs/555244
Senior Developer,ECI Software Solutions,No office location,https://stackoverflow.com/jobs/560454
Edge AI Deep Learning Validation Engineer,Intel Corporation,"Bengaluru, India",https://stackoverflow.com/jobs/539297
Data Analytics Strategist – HConnect (f/m/d),HeidelbergCement AG,"Heidelberg, Deutschland",https://stackoverflow.com/jobs/546689
(Senior) IT compliance Engineer - (IT Services) (f/m/d),Delivery Hero SE,"Berlin, Germany",https://stackoverflow.com/jobs/561815
DevOps Team Lead,Self Decode,No office location,https://stackoverflow.com/jobs/557000
Senior DevOps Engineer,Derivco.,"Douglas, Isle of Man",https://stackoverflow.com/jobs/529921
Data Engineer,Hubs,"Amsterdam, Netherlands",https://stackoverflow.com/jobs/558873
"Cloud Operations Engineer, APAC",Canonical,No office location,https://stackoverflow.com/jobs/526213
iOS Dveloper,Western Governors University,No office location,https://stackoverflow.com/jobs/550609
Technical Specialist - System Services,Derivco.,"Umhlanga, South Africa",https://stackoverflow.com/jobs/528648
Marketing Lead - Fast Track,Canonical,No office location,https://stackoverflow.com/jobs/521089
Senior DevOps Engineer,Supermetrics Oy,No office location,https://stackoverflow.com/jobs/559002
Software Engineer,Intel Corporation,"Hillsboro, OR",https://stackoverflow.com/jobs/530205
LEAD INSTRUCTOR - DATA SCIENCE [full time || part time],WBS Gruppe,No office location,https://stackoverflow.com/jobs/529936
Security Engineer - (Application Security/DevSecOps) (f/m/d),Delivery Hero SE,"Berlin, Germany",https://stackoverflow.com/jobs/565815
Temporary - Cloud Data Architect,Intel Corporation,"Chandler, AZ",https://stackoverflow.com/jobs/535590
Tools Programmer,Rockstar Games,"Bengaluru, India",https://stackoverflow.com/jobs/529127
Data Engineer,Capital Group,"Irvine, CA",https://stackoverflow.com/jobs/558026
Senior Data Analyst,komoot,No office location,https://stackoverflow.com/jobs/566227
Infrastructure Engineer,CoreWeave,"Brooklyn, NY",https://stackoverflow.com/jobs/565912
Senior Frontend Engineer - Employee Performance & Development (f/m/d),Personio,"Madrid, Spain",https://stackoverflow.com/jobs/336428
Senior IT Compliance Lead - Logistics Foundation (f/m/d),Delivery Hero SE,"Berlin, Germany",https://stackoverflow.com/jobs/556769
LEAD INSTRUCTOR - DATA SCIENCE [full time || part time],WBS Gruppe,No office location,https://stackoverflow.com/jobs/529936
Senior Developer,ECI Software Solutions,No office location,https://stackoverflow.com/jobs/560454
Senior DevOps Engineer,Supermetrics Oy,No office location,https://stackoverflow.com/jobs/565891
Engineering Manager (Data Insights),ComplyAdvantage,"London, UK",https://stackoverflow.com/jobs/528535
Sr Security Engineer,"Comscore, Inc.","Reston, VA",https://stackoverflow.com/jobs/556547
Data Engineer,Capital Group,"Irvine, CA",https://stackoverflow.com/jobs/558026
Senior Architect,Capital Group,"Irvine, CA",https://stackoverflow.com/jobs/558027
Engineering Manager (Application Security),Exodus.io,No office location,https://stackoverflow.com/jobs/556902
Marketing Lead - Fast Track,Canonical,No office location,https://stackoverflow.com/jobs/521089
iOS Developer II (Remote),McDonald's Corporation,No office location,https://stackoverflow.com/jobs/566180
Data Engineer,InfoTrust LLC,"Cincinnati, OH",https://stackoverflow.com/jobs/527863
Data & Analytics Architect,Electrolux,"Stockholm, Sweden",https://stackoverflow.com/jobs/562403
"Software Developer, Security",Hotjar,No office location,https://stackoverflow.com/jobs/544779
Senior Technology Engineer,Capital Group,"Irvine, CA",https://stackoverflow.com/jobs/550293
DevOps Engineer for growing VC-backed UK startup based in UK,Snowplow Analytics,"London, UK",https://stackoverflow.com/jobs/539249
"Cloud Operations Engineer, EMEA",Canonical,No office location,https://stackoverflow.com/jobs/522546
Cloud Engineering Architect,Intel Corporation,No office location,https://stackoverflow.com/jobs/530027
Senior Cloud Security Engineer,komoot,No office location,https://stackoverflow.com/jobs/566228
Risk Security Analyst,Capital Group,"Irvine, CA",https://stackoverflow.com/jobs/565831
"Cloud Operations Engineer, Americas",Canonical,No office location,https://stackoverflow.com/jobs/522545
"Cloud Operations Engineer, APAC",Canonical,No office location,https://stackoverflow.com/jobs/526213
Sr SCCM/SCOM Engineer,Lone Wolf Technologies,No office location,https://stackoverflow.com/jobs/528215
Software Engineer (Network Software),SpaceX,"Hawthorne, CA",https://stackoverflow.com/jobs/562442
Kubernetes Engineering Manager,Canonical,No office location,https://stackoverflow.com/jobs/551186
User Experience (UX) Designer/Researcher - Entry/Mid-Level,National Security Agency,"Fort Meade, MD",https://stackoverflow.com/jobs/565899
Security Engineer - (Application Security/DevSecOps) (f/m/d),Delivery Hero SE,"Berlin, Germany",https://stackoverflow.com/jobs/565815
UX Designer (f/m/d),HeidelbergCement AG,No office location,https://stackoverflow.com/jobs/546688
Software Engineer (Network Software),SpaceX,"Hawthorne, CA",https://stackoverflow.com/jobs/562442
Electrical Engineer,MITRE,"McLean, VA",https://stackoverflow.com/jobs/523954
Senior Full Stack Developer,InfoTrust LLC,No office location,https://stackoverflow.com/jobs/547951
Solution Architect,Which?,"London, UK",https://stackoverflow.com/jobs/556886
Sr. DevOps Engineer,SpaceX,"Hawthorne, CA",https://stackoverflow.com/jobs/562440
Manager - Data Reliability Engineer,McDonald's Corporation,"Chicago, IL",https://stackoverflow.com/jobs/556557
Scala Engineer,Snowplow Analytics,No office location,https://stackoverflow.com/jobs/562416
"VP, Software Engineering",Canonical,No office location,https://stackoverflow.com/jobs/553806
Sr. Lead Software Engineer,Rain Bird Corporation,"San Diego, CA",https://stackoverflow.com/jobs/555335
Senior Java Developer,Accenture Romania,No office location,https://stackoverflow.com/jobs/534722
Senior Development Engineer (Android),Rain Bird Corporation,"Tucson, AZ",https://stackoverflow.com/jobs/555339
Data Integration Developer,SyncSmart.io (by LyntonWeb.com),No office location,https://stackoverflow.com/jobs/527435
